file_id	accession	database	quality_group
GCA_003144605.1_Purpureocillium_lilacinum_36-1	GCA_003144605.1	GenBank	standard
GCA_022605165.1_Purpureocillium_takamizusanense_PT3	GCA_022605165.1	GenBank	standard
GCA_023168085.2_Purpureocillium_lilacinum_CBS_284_36	GCA_023168085.2	GenBank	standard
GCA_023168115.2_Purpureocillium_lilacinum_IFM_63780	GCA_023168115.2	GenBank	standard
GCF_022605165.1_Purpureocillium_takamizusanense_PT3	GCF_022605165.1	RefSeq	standard
GCF_023168085.1_Purpureocillium_lilacinum_CBS_284_36	GCF_023168085.1	RefSeq	standard
GCA_001653265.1_Purpureocillium_lilacinum	GCA_001653265.1	GenBank	standard
GCA_033847395.1_Purpureocillium_lilacinum_CBS_150709	GCA_033847395.1	GenBank	standard
GCF_001653265.1_Purpureocillium_lilacinum	GCF_001653265.1	RefSeq	standard
GCA_004026395.1_Purpureocillium_lilacinum	GCA_004026395.1	GenBank	standard
GCA_004142005.1_Hirsutella_rhossiliensis_OWVT-1	GCA_004142005.1	GenBank	standard
GCA_004026455.1_Purpureocillium_lilacinum	GCA_004026455.1	GenBank	standard
GCA_029168975.1_Purpureocillium_lavendulum_YMF1_00683	GCA_029168975.1	GenBank	standard
GCA_003945575.1_Tolypocladium_inflatum_CBS_714_70	GCA_003945575.1	GenBank	standard
GCA_003945635.1_Tolypocladium_inflatum_NBRC_31975	GCA_003945635.1	GenBank	standard
GCA_003945655.1_Tolypocladium_inflatum_NBRC_31671	GCA_003945655.1	GenBank	standard
GCA_020360975.1_Hirsutella_rhossiliensis_HR02	GCA_020360975.1	GenBank	standard
GCF_020360975.1_Hirsutella_rhossiliensis_HR02	GCF_020360975.1	RefSeq	standard
GCA_003945565.1_Tolypocladium_inflatum_CBS_567_84	GCA_003945565.1	GenBank	standard
GCA_003945665.1_Tolypocladium_inflatum_NRRL_8044	GCA_003945665.1	GenBank	standard
GCA_003945705.1_Tolypocladium_inflatum_CBS_824_70	GCA_003945705.1	GenBank	standard
GCA_000750145.2_Tolypocladium_sp_Salcha_MEA-2	GCA_000750145.2	GenBank	standard
GCA_001189435.1_Tolypocladium_ophioglossoides_CBS_100239	GCA_001189435.1	GenBank	standard
GCA_001600555.1_Albophoma_yamanashiensis_JCM_11844	GCA_001600555.1	GenBank	standard
GCA_003339415.1_Ophiocordyceps_camponoti-saundersi_BCC_79314	GCA_003339415.1	GenBank	standard
GCA_004195255.1_Tolypocladium_inflatum_Q8-4	GCA_004195255.1	GenBank	standard
GCA_022114105.1_Tolypocladium_guangdongense_GD1-15	GCA_022114105.1	GenBank	standard
GCA_024340155.1_Tolypocladium_pustulatum_CBS_110433	GCA_024340155.1	GenBank	standard
GCA_024341155.1_Tolypocladium_album_CBS_869_73	GCA_024341155.1	GenBank	standard
GCA_000472145.1_Hirsutella_thompsonii_MTCC3556	GCA_000472145.1	GenBank	standard
GCA_024339985.1_Tolypocladium_endophyticum_MX560	GCA_024339985.1	GenBank	standard
GCA_024340795.1_Tolypocladium_amazonense_LA108	GCA_024340795.1	GenBank	standard
GCA_024340945.1_Tolypocladium_album_MS506	GCA_024340945.1	GenBank	standard
GCA_001633055.2_Ophiocordyceps_polyrhachis-furcata_BCC_54312	GCA_001633055.2	GenBank	standard
GCA_024339995.1_Tolypocladium_endophyticum_MX66	GCA_024339995.1	GenBank	standard
GCA_024340015.1_Tolypocladium_ovalisporum_CBS_700_92	GCA_024340015.1	GenBank	standard
GCA_000472125.2_Hirsutella_thompsonii_MTCC6686	GCA_000472125.2	GenBank	standard
GCA_003339455.1_Ophiocordyceps_camponoti-leonardi_BCC_80369	GCA_003339455.1	GenBank	standard
GCA_024340005.1_Tolypocladium_tropicale_MX337	GCA_024340005.1	GenBank	standard
GCA_024340515.1_Tolypocladium_geodes_CBS_723_70	GCA_024340515.1	GenBank	standard
GCA_024340785.1_Tolypocladium_amazonense_MS503	GCA_024340785.1	GenBank	standard
GCA_024341135.1_Tolypocladium_album_IQ158	GCA_024341135.1	GenBank	standard
GCA_000421905.1_Tolypocladium_inflatum_NRRL8044	GCA_000421905.1	GenBank	standard
GCA_042920535.1_Purpureocillium_lilacinum_FDZ8Y1	GCA_042920535.1	GenBank	standard
GCA_029292925.1_Ophiocordycipitaceae_sp	GCA_029292925.1	GenBank	standard
GCA_012934285.1_Ophiocordyceps_sinensis_IOZ07	GCA_012934285.1	GenBank	low_quality
GCA_012980515.1_Ophiocordyceps_camponoti-floridani_EC05	GCA_012980515.1	GenBank	low_quality
GCA_002916505.1_Tolypocladium_paradoxum_NRBC_100945	GCA_002916505.1	GenBank	low_quality
GCA_020137565.1_Ophiocordyceps_sinensis_CC1406-203	GCA_020137565.1	GenBank	low_quality
GCA_000956045.1_Hirsutella_minnesotensis_3608	GCA_000956045.1	GenBank	low_quality
GCA_001272575.2_Ophiocordyceps_unilateralis_SC16a	GCA_001272575.2	GenBank	low_quality
GCA_030772975.1_Purpureocillium_lilacinum_MBC_109	GCA_030772975.1	GenBank	low_quality
GCA_002901185.1_Tolypocladium_capitatum_CBS_113982	GCA_002901185.1	GenBank	low_quality
GCA_027405785.1_Ophiocordyceps_robertsii_UoM4	GCA_027405785.1	GenBank	low_quality
GCA_024340505.1_Tolypocladium_nubicola_CBS_568_84	GCA_024340505.1	GenBank	low_quality
GCA_019843645.1_Ophiocordyceps_australis_CCMB661	GCA_019843645.1	GenBank	low_quality
GCA_024340025.1_Tolypocladium_tundrense_CBS_569_84	GCA_024340025.1	GenBank	low_quality
GCA_002591415.1_Ophiocordyceps_australis_Map64	GCA_002591415.1	GenBank	low_quality
GCA_024340765.1_Tolypocladium_cylindrosporum_CBS_718_70	GCA_024340765.1	GenBank	low_quality
GCA_027405775.1_Ophiocordyceps_robertsii_UoM1	GCA_027405775.1	GenBank	low_quality
GCA_001618945.2_Drechmeria_coniospora_ATCC_96282	GCA_001618945.2	GenBank	low_quality
GCA_001625195.1_Drechmeria_coniospora_ARSEF_6962	GCA_001625195.1	GenBank	low_quality
GCF_001625195.1_Drechmeria_coniospora_ARSEF_6962	GCF_001625195.1	RefSeq	low_quality
GCA_029292995.1_Ophiocordycipitaceae_sp	GCA_029292995.1	GenBank	low_quality
GCA_023972975.1_Tolypocladium_cylindrosporum_IBT_41711	GCA_023972975.1	GenBank	low_quality
GCA_002077885.1_Ophiocordyceps_sinensis_1229	GCA_002077885.1	GenBank	low_quality
GCA_002591395.1_Ophiocordyceps_camponoti-rufipedis_Map16	GCA_002591395.1	GenBank	low_quality
GCA_049901655.1_Polycephalomyces_sp_MK1201	GCA_049901655.1	GenBank	low_quality
GCA_002591405.1_Ophiocordyceps_australis_1348a	GCA_002591405.1	GenBank	low_quality
GCA_001648815.1_Ophiocordyceps_sinensis_ZJB12195	GCA_001648815.1	GenBank	low_quality
GCA_018831705.1_Torrubiellomyces_zombiae	GCA_018831705.1	GenBank	low_quality
GCA_000448365.1_Ophiocordyceps_sinensis_CO18	GCA_000448365.1	GenBank	low_quality
GCA_029292965.1_Ophiocordycipitaceae_sp	GCA_029292965.1	GenBank	low_quality
GCA_900080695.1_Ophiocordyceps_bispora	GCA_900080695.1	GenBank	low_quality
GCA_029293035.1_Ophiocordycipitaceae_sp	GCA_029293035.1	GenBank	low_quality
GCA_029292915.1_Ophiocordycipitaceae_sp	GCA_029292915.1	GenBank	low_quality
GCA_020975735.1_Ophiocordyceps_xuefengensis_HCMA001	GCA_020975735.1	GenBank	low_quality
GCA_000750105.3_Tolypocladium_sp_Sup5_PDA-1	GCA_000750105.3	GenBank	low_quality
